,related_artist_name
0,Kamau
1,Flora Matos
2,Projota
3,ConeCrewDiretoria
4,Black Alien
5,Planet Hemp
6,RZO
7,Racionais MC's
8,Criolo
9,Mc Marechal
10,MV Bill
11,Mato Seco
12,Marcelo D2
13,Oriente
14,Karol Conká
15,Rappin' Hood
16,Ponto De Equilíbrio
17,Slim Rimografia
18,Shawlin
19,Beth Carvalho
20,Os Originais Do Samba
21,Nelson Cavaquinho
22,Agepê
23,Paulinho Da Viola
24,Nelson Sargento
25,Dudu Nobre
26,Dona Ivone Lara
27,Roberto Ribeiro
28,Benito Di Paula
29,Clara Nunes
30,Wilson Simonal
31,Candeia
32,Alcione
33,Adoniran Barbosa
34,Diogo Nogueira
35,Jorge Aragão
36,Casuarina
37,Zeca Pagodinho
38,MV Bill
39,Mato Seco
40,RZO
41,Planet Hemp
42,Black Alien
43,ConeCrewDiretoria
44,Ponto De Equilíbrio
45,Trilha Sonora do Gueto
46,Emicida
47,Rashid
48,Marcelo D2
49,509-E
50,SNJ
51,Planta E Raiz
52,Flora Matos
53,Realidade Cruel
54,Criolo
55,Projota
56,Kamau
57,Ebony
58,Bivolt
59,slipmami
60,LARINHX
61,Tassia Reis
62,SHURY
63,Febem
64,Mac Júlia
65,Flora Matos
66,Rico Dalasam
67,Budah
68,Ajuliacosta
69,Cristal
70,Don L
71,Drik Barbosa
72,JOCA
73,SD9
74,Nill
75,FBC
